"Geregistreerde misdrijven; soort misdrijf, wijk, buurt, jaarcijfers"
"Soort misdrijf: 2.6.14 Voedselveiligheid"
"Onderwerp: |Geregistreerde misdrijven"
"";"Perioden"
"";"2012";"2013";"2014";"2015";"2016";"2017";"2018";"2019";"2020";"2021";"2022";"2023"
"Wijken en buurten";"aantal";"aantal";"aantal";"aantal";"aantal";"aantal";"aantal";"aantal";"aantal";"aantal";"aantal";"aantal"
"Amsterdam";"0";"0";"0";"0";"0";"0";"0";"0";"0";"0";"0";"0"
"Haarlemmerbuurt";"0";"0";"0";"0";"0";"0";"0";"0";"0";"0";"0";"0"
"Planciusbuurt-Noord";"0";"0";"0";"0";"0";"0";"0";"0";"0";"0";"0";"0"
"Westelijke eilanden";"0";"0";"0";"0";"0";"0";"0";"0";"0";"0";"0";"0"
"Westerdokseiland";"0";"0";"0";"0";"0";"0";"0";"0";"0";"0";"0";"0"
"Planciusbuurt-Zuid";"0";"0";"0";"0";"0";"0";"0";"0";"0";"0";"0";"0"
"Haarlemmerbuurt-West";"0";"0";"0";"0";"0";"0";"0";"0";"0";"0";"0";"0"
"Haarlemmerbuurt-Oost";"0";"0";"0";"0";"0";"0";"0";"0";"0";"0";"0";"0"
"Jordaan";"0";"0";"0";"0";"0";"0";"0";"0";"0";"0";"0";"0"
"Marnixbuurt-Noord";"0";"0";"0";"0";"0";"0";"0";"0";"0";"0";"0";"0"
"Driehoekbuurt";"0";"0";"0";"0";"0";"0";"0";"0";"0";"0";"0";"0"
"Anjeliersbuurt-Noord";"0";"0";"0";"0";"0";"0";"0";"0";"0";"0";"0";"0"
"Zaagpoortbuurt";"0";"0";"0";"0";"0";"0";"0";"0";"0";"0";"0";"0"
"Anjeliersbuurt-Zuid";"0";"0";"0";"0";"0";"0";"0";"0";"0";"0";"0";"0"
"Marnixbuurt-Midden";"0";"0";"0";"0";"0";"0";"0";"0";"0";"0";"0";"0"
"Bloemgrachtbuurt";"0";"0";"0";"0";"0";"0";"0";"0";"0";"0";"0";"0"
"Groenmarktkadebuurt";"0";"0";"0";"0";"0";"0";"0";"0";"0";"0";"0";"0"
"Marnixbuurt-Zuid";"0";"0";"0";"0";"0";"0";"0";"0";"0";"0";"0";"0"
"Elandsgrachtbuurt";"0";"0";"0";"0";"0";"0";"0";"0";"0";"0";"0";"0"
"Passeerdersgrachtbuurt";"0";"0";"0";"0";"0";"0";"0";"0";"0";"0";"0";"0"
"Grachtengordel-West";"0";"0";"0";"0";"0";"0";"0";"0";"0";"0";"0";"0"
"Langestraat e.o.";"0";"0";"0";"0";"0";"0";"0";"0";"0";"0";"0";"0"
"Leliegracht e.o.";"0";"0";"0";"0";"0";"0";"0";"0";"0";"0";"0";"0"
"Felix Meritisbuurt";"0";"0";"0";"0";"0";"0";"0";"0";"0";"0";"0";"0"
"Leidsegracht-Noord";"0";"0";"0";"0";"0";"0";"0";"0";"0";"0";"0";"0"
"Burgwallen-Nieuwe Zijde";"0";"0";"0";"0";"0";"0";"0";"0";"0";"0";"0";"0"
"Stationsplein e.o.";"0";"0";"0";"0";"0";"0";"0";"0";"0";"0";"0";"0"
"Hemelrijk";"0";"0";"0";"0";"0";"0";"0";"0";"0";"0";"0";"0"
"Nieuwendijk-Noord";"0";"0";"0";"0";"0";"0";"0";"0";"0";"0";"0";"0"
"Spuistraat-Noord";"0";"0";"0";"0";"0";"0";"0";"0";"0";"0";"0";"0"
"Nieuwe Kerk e.o.";"0";"0";"0";"0";"0";"0";"0";"0";"0";"0";"0";"0"
"Spuistraat-Zuid";"0";"0";"0";"0";"0";"0";"0";"0";"0";"0";"0";"0"
"Begijnhofbuurt";"0";"0";"0";"0";"0";"0";"0";"0";"0";"0";"0";"0"
"Kalverdriehoek";"0";"0";"0";"0";"0";"0";"0";"0";"0";"0";"0";"0"
"Burgwallen-Oude Zijde";"0";"0";"0";"0";"0";"0";"0";"0";"0";"0";"0";"0"
"Kop Zeedijk";"0";"0";"0";"0";"0";"0";"0";"0";"0";"0";"0";"0"
"Oude Kerk e.o.";"0";"0";"0";"0";"0";"0";"0";"0";"0";"0";"0";"0"
"Burgwallen-Oost";"0";"0";"0";"0";"0";"0";"0";"0";"0";"0";"0";"0"
"Nes e.o.";"0";"0";"0";"0";"0";"0";"0";"0";"0";"0";"0";"0"
"BG-terrein e.o.";"0";"0";"0";"0";"0";"0";"0";"0";"0";"0";"0";"0"
"Nieuwmarkt/Lastage";"0";"0";"0";"0";"0";"0";"0";"0";"0";"0";"0";"0"
"Oosterdokseiland";"0";"0";"0";"0";"0";"0";"0";"0";"0";"0";"0";"0"
"Lastage";"0";"0";"0";"0";"0";"0";"0";"0";"0";"0";"0";"0"
"Scheepvaarthuisbuurt";"0";"0";"0";"0";"0";"0";"0";"0";"0";"0";"0";"0"
"Rapenburg";"0";"0";"0";"0";"0";"0";"0";"0";"0";"0";"0";"0"
"Nieuwmarkt";"0";"0";"0";"0";"0";"0";"0";"0";"0";"0";"0";"0"
"Uilenburg";"0";"0";"0";"0";"0";"0";"0";"0";"0";"0";"0";"0"
"Valkenburg";"0";"0";"0";"0";"0";"0";"0";"0";"0";"0";"0";"0"
"Zuiderkerkbuurt";"0";"0";"0";"0";"0";"0";"0";"0";"0";"0";"0";"0"
"Waterloopleinbuurt";"0";"0";"0";"0";"0";"0";"0";"0";"0";"0";"0";"0"
"Grachtengordel-Zuid";"0";"0";"0";"0";"0";"0";"0";"0";"0";"0";"0";"0"
"Leidsegracht-Zuid";"0";"0";"0";"0";"0";"0";"0";"0";"0";"0";"0";"0"
"Geelvinckbuurt";"0";"0";"0";"0";"0";"0";"0";"0";"0";"0";"0";"0"
"Rembrandtplein e.o.";"0";"0";"0";"0";"0";"0";"0";"0";"0";"0";"0";"0"
"Spiegelbuurt";"0";"0";"0";"0";"0";"0";"0";"0";"0";"0";"0";"0"
"Vijzelstraatbuurt";"0";"0";"0";"0";"0";"0";"0";"0";"0";"0";"0";"0"
"Amstelveldbuurt";"0";"0";"0";"0";"0";"0";"0";"0";"0";"0";"0";"0"
"De Weteringschans";"0";"0";"0";"0";"0";"0";"0";"0";"0";"0";"0";"0"
"Leidsebuurt-Noordwest";"0";"0";"0";"0";"0";"0";"0";"0";"0";"0";"0";"0"
"Leidsebuurt-Noordoost";"0";"0";"0";"0";"0";"0";"0";"0";"0";"0";"0";"0"
"Weteringbuurt";"0";"0";"0";"0";"0";"0";"0";"0";"0";"0";"0";"0"
"Utrechtsebuurt-Zuid";"0";"0";"0";"0";"0";"0";"0";"0";"0";"0";"0";"0"
"Leidsebuurt-Zuidwest";"0";"0";"0";"0";"0";"0";"0";"0";"0";"0";"0";"0"
"Leidsebuurt-Zuidoost";"0";"0";"0";"0";"0";"0";"0";"0";"0";"0";"0";"0"
"Den Texbuurt";"0";"0";"0";"0";"0";"0";"0";"0";"0";"0";"0";"0"
"Frederikspleinbuurt";"0";"0";"0";"0";"0";"0";"0";"0";"0";"0";"0";"0"
"Weesperbuurt/Plantage";"0";"0";"0";"0";"0";"0";"0";"0";"0";"0";"0";"0"
"Weesperbuurt";"0";"0";"0";"0";"0";"0";"0";"0";"0";"0";"0";"0"
"Plantage";"0";"0";"0";"0";"0";"0";"0";"0";"0";"0";"0";"0"
"Sarphatistrook";"0";"0";"0";"0";"0";"0";"0";"0";"0";"0";"0";"0"
"Alexanderplein e.o.";"0";"0";"0";"0";"0";"0";"0";"0";"0";"0";"0";"0"
"Oostelijke Eilanden/Kadijken";"0";"0";"0";"0";"0";"0";"0";"0";"0";"0";"0";"0"
"Marine-Etablissement";"0";"0";"0";"0";"0";"0";"0";"0";"0";"0";"0";"0"
"Kattenburg";"0";"0";"0";"0";"0";"0";"0";"0";"0";"0";"0";"0"
"Wittenburg";"0";"0";"0";"0";"0";"0";"0";"0";"0";"0";"0";"0"
"Oostenburg";"0";"0";"0";"0";"0";"0";"0";"0";"0";"0";"0";"0"
"Czaar Peterbuurt";"0";"0";"0";"0";"0";"0";"0";"0";"0";"0";"0";"0"
"Het Funen";"0";"0";"0";"0";"0";"0";"0";"0";"0";"0";"0";"0"
"Kadijken";"0";"0";"0";"0";"0";"0";"0";"0";"0";"0";"0";"0"
"Kazernebuurt";"0";"0";"0";"0";"0";"0";"0";"0";"0";"0";"0";"0"
"Havens-West";"0";"0";"0";"0";"0";"0";"0";"0";"0";"0";"0";"0"
"Afrikahaven";"0";"0";"0";"0";"0";"0";"0";"0";"0";"0";"0";"0"
"Amerikahaven";"0";"0";"0";"0";"0";"0";"0";"0";"0";"0";"0";"0"
"Westhaven-Noord";"0";"0";"0";"0";"0";"0";"0";"0";"0";"0";"0";"0"
"Petroleumhaven";"0";"0";"0";"0";"0";"0";"0";"0";"0";"0";"0";"0"
"Vervoerscentrum";"0";"0";"0";"0";"0";"0";"0";"0";"0";"0";"0";"0"
"Westhaven-Zuid";"0";"0";"0";"0";"0";"0";"0";"0";"0";"0";"0";"0"
"Coenhaven/Minervahaven";"0";"0";"0";"0";"0";"0";"0";"0";"0";"0";"0";"0"
"Coenhaven";"0";"0";"0";"0";"0";"0";"0";"0";"0";"0";"0";"0"
"Vlothaven";"0";"0";"0";"0";"0";"0";"0";"0";"0";"0";"0";"0"
"Minervahaven-Noordoost";"0";"0";"0";"0";"0";"0";"0";"0";"0";"0";"0";"0"
"Minervahaven-Noordwest";"0";"0";"0";"0";"0";"0";"0";"0";"0";"0";"0";"0"
"Minervahaven-Zuidwest";"0";"0";"0";"0";"0";"0";"0";"0";"0";"0";"0";"0"
"Minervahaven-Zuidoost";"0";"0";"0";"0";"0";"0";"0";"0";"0";"0";"0";"0"
"Alfa-driehoek";"0";"0";"0";"0";"0";"0";"0";"0";"0";"0";"0";"0"
"Hemknoop-Noord";"0";"0";"0";"0";"0";"0";"0";"0";"0";"0";"0";"0"
"Sloterdijk-West";"0";"0";"0";"0";"0";"0";"0";"0";"0";"0";"0";"0"
"Isolatorbuurt";"0";"0";"0";"0";"0";"0";"0";"0";"0";"0";"0";"0"
"Contactbuurt";"0";"0";"0";"0";"0";"0";"0";"0";"0";"0";"0";"0"
"Woon- en Groengebied Sloterdijk";"0";"0";"0";"0";"0";"0";"0";"0";"0";"0";"0";"0"
"Spaarndammerbuurt/Zeeheldenbuurt";"0";"0";"0";"0";"0";"0";"0";"0";"0";"0";"0";"0"
"Hemknoop-Zuid";"0";"0";"0";"0";"0";"0";"0";"0";"0";"0";"0";"0"
"Overbraker Binnenpolder";"0";"0";"0";"0";"0";"0";"0";"0";"0";"0";"0";"0"
"Zaanstraat emplacement";"0";"0";"0";"0";"0";"0";"0";"0";"0";"0";"0";"0"
"Spaarndammerbuurt-Noordwest";"0";"0";"0";"0";"0";"0";"0";"0";"0";"0";"0";"0"
"Spaarndammerbuurt-Midden";"0";"0";"0";"0";"0";"0";"0";"0";"0";"0";"0";"0"
"Spaarndammerbuurt-Zuidwest";"0";"0";"0";"0";"0";"0";"0";"0";"0";"0";"0";"0"
"Spaarndammerbuurt-Noordoost";"0";"0";"0";"0";"0";"0";"0";"0";"0";"0";"0";"0"
"Zeeheldenbuurt";"0";"0";"0";"0";"0";"0";"0";"0";"0";"0";"0";"0"
"Westergasfabriek";"0";"0";"0";"0";"0";"0";"0";"0";"0";"0";"0";"0"
"Spaarndammerbuurt-Zuidoost";"0";"0";"0";"0";"0";"0";"0";"0";"0";"0";"0";"0"
"Houthavens";"0";"0";"0";"0";"0";"0";"0";"0";"0";"0";"0";"0"
"Houthavens-West";"0";"0";"0";"0";"0";"0";"0";"0";"0";"0";"0";"0"
"Houthavens-Oost";"0";"0";"0";"0";"0";"0";"0";"0";"0";"0";"0";"0"
"De Kolenkit";"0";"0";"0";"0";"0";"0";"0";"0";"0";"0";"0";"0"
"Kolenkitbuurt-Noord";"0";"0";"0";"0";"0";"0";"0";"0";"0";"0";"0";"0"
"Kolenkitbuurt-Zuid";"0";"0";"0";"0";"0";"0";"0";"0";"0";"0";"0";"0"
"Laan van Spartaan";"0";"0";"0";"0";"0";"0";"0";"0";"0";"0";"0";"0"
"Robert Scottbuurt-West";"0";"0";"0";"0";"0";"0";"0";"0";"0";"0";"0";"0"
"Landlust";"0";"0";"0";"0";"0";"0";"0";"0";"0";"0";"0";"0"
"Bosleeuw";"0";"0";"0";"0";"0";"0";"0";"0";"0";"0";"0";"0"
"Gibraltarbuurt";"0";"0";"0";"0";"0";"0";"0";"0";"0";"0";"0";"0"
"Bedrijventerrein Landlust";"0";"0";"0";"0";"0";"0";"0";"0";"0";"0";"0";"0"
"Landlust-Noord";"0";"0";"0";"0";"0";"0";"0";"0";"0";"0";"0";"0"
"Erasmusparkbuurt-Oost";"0";"0";"0";"0";"0";"0";"0";"0";"0";"0";"0";"0"
"Landlust-Zuid";"0";"0";"0";"0";"0";"0";"0";"0";"0";"0";"0";"0"
"Erasmuspark";"0";"0";"0";"0";"0";"0";"0";"0";"0";"0";"0";"0"
"Robert Scottbuurt-Oost";"0";"0";"0";"0";"0";"0";"0";"0";"0";"0";"0";"0"
"Erasmusparkbuurt-West";"0";"0";"0";"0";"0";"0";"0";"0";"0";"0";"0";"0"
"Centrale Markt";"0";"0";"0";"0";"0";"0";"0";"0";"0";"0";"0";"0"
"Bedrijvencentrum Westerkwartier";"0";"0";"0";"0";"0";"0";"0";"0";"0";"0";"0";"0"
"GWL-terrein";"0";"0";"0";"0";"0";"0";"0";"0";"0";"0";"0";"0"
"Markthallen";"0";"0";"0";"0";"0";"0";"0";"0";"0";"0";"0";"0"
"Marcanti";"0";"0";"0";"0";"0";"0";"0";"0";"0";"0";"0";"0"
"Staatsliedenbuurt";"0";"0";"0";"0";"0";"0";"0";"0";"0";"0";"0";"0"
"Westerstaatsman";"0";"0";"0";"0";"0";"0";"0";"0";"0";"0";"0";"0"
"Fannius Scholtenbuurt";"0";"0";"0";"0";"0";"0";"0";"0";"0";"0";"0";"0"
"Staatsliedenbuurt-Noordoost";"0";"0";"0";"0";"0";"0";"0";"0";"0";"0";"0";"0"
"De Wittenbuurt-Noord";"0";"0";"0";"0";"0";"0";"0";"0";"0";"0";"0";"0"
"De Wittenbuurt-Zuid";"0";"0";"0";"0";"0";"0";"0";"0";"0";"0";"0";"0"
"Buyskade e.o.";"0";"0";"0";"0";"0";"0";"0";"0";"0";"0";"0";"0"
"Frederik Hendrikbuurt";"0";"0";"0";"0";"0";"0";"0";"0";"0";"0";"0";"0"
"Frederik Hendrikbuurt-Noord";"0";"0";"0";"0";"0";"0";"0";"0";"0";"0";"0";"0"
"Frederik Hendrikbuurt-Zuidwest";"0";"0";"0";"0";"0";"0";"0";"0";"0";"0";"0";"0"
"Frederik Hendrikbuurt-Zuidoost";"0";"0";"0";"0";"0";"0";"0";"0";"0";"0";"0";"0"
"Van Galenbuurt";"0";"0";"0";"0";"0";"0";"0";"0";"0";"0";"0";"0"
"Mercatorpark";"0";"0";"0";"0";"0";"0";"0";"0";"0";"0";"0";"0"
"Orteliusbuurt-Noord";"0";"0";"0";"0";"0";"0";"0";"0";"0";"0";"0";"0"
"Jan Maijenbuurt";"0";"0";"0";"0";"0";"0";"0";"0";"0";"0";"0";"0"
"John Franklinbuurt";"0";"0";"0";"0";"0";"0";"0";"0";"0";"0";"0";"0"
"Geuzenbuurt";"0";"0";"0";"0";"0";"0";"0";"0";"0";"0";"0";"0"
"Pieter van der Doesbuurt";"0";"0";"0";"0";"0";"0";"0";"0";"0";"0";"0";"0"
"Trompbuurt";"0";"0";"0";"0";"0";"0";"0";"0";"0";"0";"0";"0"
"Geuzenhofbuurt";"0";"0";"0";"0";"0";"0";"0";"0";"0";"0";"0";"0"
"Hoofdweg e.o.";"0";"0";"0";"0";"0";"0";"0";"0";"0";"0";"0";"0"
"Orteliusbuurt-Midden";"0";"0";"0";"0";"0";"0";"0";"0";"0";"0";"0";"0"
"Balboaplein e.o.";"0";"0";"0";"0";"0";"0";"0";"0";"0";"0";"0";"0"
"Orteliusbuurt-Zuid";"0";"0";"0";"0";"0";"0";"0";"0";"0";"0";"0";"0"
"Columbusplein e.o.";"0";"0";"0";"0";"0";"0";"0";"0";"0";"0";"0";"0"
"Chassébuurt";"0";"0";"0";"0";"0";"0";"0";"0";"0";"0";"0";"0"
"Filips van Almondekwartier";"0";"0";"0";"0";"0";"0";"0";"0";"0";"0";"0";"0"
"Kortenaerkwartier";"0";"0";"0";"0";"0";"0";"0";"0";"0";"0";"0";"0"
"Van Brakelkwartier";"0";"0";"0";"0";"0";"0";"0";"0";"0";"0";"0";"0"
"De Wester Quartier";"0";"0";"0";"0";"0";"0";"0";"0";"0";"0";"0";"0"
"Bellamybuurt";"0";"0";"0";"0";"0";"0";"0";"0";"0";"0";"0";"0"
"Bellamybuurt-Noord";"0";"0";"0";"0";"0";"0";"0";"0";"0";"0";"0";"0"
"Bellamybuurt-Zuid";"0";"0";"0";"0";"0";"0";"0";"0";"0";"0";"0";"0"
"Da Costabuurt";"0";"0";"0";"0";"0";"0";"0";"0";"0";"0";"0";"0"
"Da Costabuurt-Noord";"0";"0";"0";"0";"0";"0";"0";"0";"0";"0";"0";"0"
"Westindische Buurt";"0";"0";"0";"0";"0";"0";"0";"0";"0";"0";"0";"0"
"Postjeskade e.o.";"0";"0";"0";"0";"0";"0";"0";"0";"0";"0";"0";"0"
"Paramariboplein e.o.";"0";"0";"0";"0";"0";"0";"0";"0";"0";"0";"0";"0"
"Van Lennepbuurt";"0";"0";"0";"0";"0";"0";"0";"0";"0";"0";"0";"0"
"Lootsbuurt";"0";"0";"0";"0";"0";"0";"0";"0";"0";"0";"0";"0"
"Borgerbuurt";"0";"0";"0";"0";"0";"0";"0";"0";"0";"0";"0";"0"
"Da Costabuurt-Zuid";"0";"0";"0";"0";"0";"0";"0";"0";"0";"0";"0";"0"
"Overtoomse Sluis";"0";"0";"0";"0";"0";"0";"0";"0";"0";"0";"0";"0"
"Cremerbuurt-West";"0";"0";"0";"0";"0";"0";"0";"0";"0";"0";"0";"0"
"Vondelparkbuurt-West";"0";"0";"0";"0";"0";"0";"0";"0";"0";"0";"0";"0"
"Helmersbuurt";"0";"0";"0";"0";"0";"0";"0";"0";"0";"0";"0";"0"
"Cremerbuurt-Oost";"0";"0";"0";"0";"0";"0";"0";"0";"0";"0";"0";"0"
"WG-terrein";"0";"0";"0";"0";"0";"0";"0";"0";"0";"0";"0";"0"
"Helmersbuurt-Oost";"0";"0";"0";"0";"0";"0";"0";"0";"0";"0";"0";"0"
"Vondelparkbuurt";"0";"0";"0";"0";"0";"0";"0";"0";"0";"0";"0";"0"
"Vondelparkbuurt-Midden";"0";"0";"0";"0";"0";"0";"0";"0";"0";"0";"0";"0"
"Vondelparkbuurt-Oost";"0";"0";"0";"0";"0";"0";"0";"0";"0";"0";"0";"0"
"Sloterdijk Nieuw-West";"0";"0";"0";"0";"0";"0";"0";"0";"0";"0";"0";"0"
"Sloterdijk De Heining";"0";"0";"0";"0";"0";"0";"0";"0";"0";"0";"0";"0"
"Sloterdijk Poort-Noord";"0";"0";"0";"0";"0";"0";"0";"0";"0";"0";"0";"0"
"Sloterdijk Poort-Zuid";"0";"0";"0";"0";"0";"0";"0";"0";"0";"0";"0";"0"
"Sloterdijk Rhônepark";"0";"0";"0";"0";"0";"0";"0";"0";"0";"0";"0";"0"
"Sloterdijk Donauhoek";"0";"0";"0";"0";"0";"0";"0";"0";"0";"0";"0";"0"
"Bretten-West";"0";"0";"0";"0";"0";"0";"0";"0";"0";"0";"0";"0"
"Bretten-Oost";"0";"0";"0";"0";"0";"0";"0";"0";"0";"0";"0";"0"
"Sloterdijk Stationskwartier";"0";"0";"0";"0";"0";"0";"0";"0";"0";"0";"0";"0"
"Geuzenveld";"0";"0";"0";"0";"0";"0";"0";"0";"0";"0";"0";"0"
"Osdorper Binnenpolder";"0";"0";"0";"0";"0";"0";"0";"0";"0";"0";"0";"0"
"De Eendracht";"0";"0";"0";"0";"0";"0";"0";"0";"0";"0";"0";"0"
"Ruys de Beerenbrouckbuurt";"0";"0";"0";"0";"0";"0";"0";"0";"0";"0";"0";"0"
"Eendrachtspark";"0";"0";"0";"0";"0";"0";"0";"0";"0";"0";"0";"0"
"Van Tijenbuurt";"0";"0";"0";"0";"0";"0";"0";"0";"0";"0";"0";"0"
"Dudokbuurt";"0";"0";"0";"0";"0";"0";"0";"0";"0";"0";"0";"0"
"Bakemabuurt";"0";"0";"0";"0";"0";"0";"0";"0";"0";"0";"0";"0"
"Wegener Sleeswijkbuurt";"0";"0";"0";"0";"0";"0";"0";"0";"0";"0";"0";"0"
"Slotermeer-West";"0";"0";"0";"0";"0";"0";"0";"0";"0";"0";"0";"0"
"Jan de Louterbuurt";"0";"0";"0";"0";"0";"0";"0";"0";"0";"0";"0";"0"
"Lodewijk van Deysselbuurt";"0";"0";"0";"0";"0";"0";"0";"0";"0";"0";"0";"0"
"Confuciusbuurt";"0";"0";"0";"0";"0";"0";"0";"0";"0";"0";"0";"0"
"Slotermeer-Noordoost";"0";"0";"0";"0";"0";"0";"0";"0";"0";"0";"0";"0"
"Arondeusbuurt";"0";"0";"0";"0";"0";"0";"0";"0";"0";"0";"0";"0"
"Coronelbuurt";"0";"0";"0";"0";"0";"0";"0";"0";"0";"0";"0";"0"
"Meerwaldtbuurt";"0";"0";"0";"0";"0";"0";"0";"0";"0";"0";"0";"0"
"Dobbebuurt";"0";"0";"0";"0";"0";"0";"0";"0";"0";"0";"0";"0"
"Slotermeer-Zuidoost";"0";"0";"0";"0";"0";"0";"0";"0";"0";"0";"0";"0"
"Dichtersbuurt";"0";"0";"0";"0";"0";"0";"0";"0";"0";"0";"0";"0"
"Louis Couperusbuurt";"0";"0";"0";"0";"0";"0";"0";"0";"0";"0";"0";"0"
"Noordoever Sloterplas";"0";"0";"0";"0";"0";"0";"0";"0";"0";"0";"0";"0"
"Sloterpark";"0";"0";"0";"0";"0";"0";"0";"0";"0";"0";"0";"0"
"Lutkemeer/Ookmeer";"0";"0";"0";"0";"0";"0";"0";"0";"0";"0";"0";"0"
"Osdorper Bovenpolder";"0";"0";"0";"0";"0";"0";"0";"0";"0";"0";"0";"0"
"Ookmeer";"0";"0";"0";"0";"0";"0";"0";"0";"0";"0";"0";"0"
"Bedrijvenpark Lutkemeer";"0";"0";"0";"0";"0";"0";"0";"0";"0";"0";"0";"0"
"De Aker";"0";"0";"0";"0";"0";"0";"0";"0";"0";"0";"0";"0"
"Middelveldsche Akerpolder";"0";"0";"0";"0";"0";"0";"0";"0";"0";"0";"0";"0"
"De Aker-West";"0";"0";"0";"0";"0";"0";"0";"0";"0";"0";"0";"0"
"De Aker-Oost";"0";"0";"0";"0";"0";"0";"0";"0";"0";"0";"0";"0"
"De Punt";"0";"0";"0";"0";"0";"0";"0";"0";"0";"0";"0";"0"
"Bedrijvencentrum Osdorp";"0";"0";"0";"0";"0";"0";"0";"0";"0";"0";"0";"0"
"Dijkgraafpleinbuurt";"0";"0";"0";"0";"0";"0";"0";"0";"0";"0";"0";"0"
"Osdorp-Midden";"0";"0";"0";"0";"0";"0";"0";"0";"0";"0";"0";"0"
"Reimerswaal";"0";"0";"0";"0";"0";"0";"0";"0";"0";"0";"0";"0"
"Botteskerkbuurt";"0";"0";"0";"0";"0";"0";"0";"0";"0";"0";"0";"0"
"Zuidwestkwadrant-Noord";"0";"0";"0";"0";"0";"0";"0";"0";"0";"0";"0";"0"
"Zuidwestkwadrant-Zuid";"0";"0";"0";"0";"0";"0";"0";"0";"0";"0";"0";"0"
"Osdorp-Oost";"0";"0";"0";"0";"0";"0";"0";"0";"0";"0";"0";"0"
"Wildeman";"0";"0";"0";"0";"0";"0";"0";"0";"0";"0";"0";"0"
"Meer en Oever";"0";"0";"0";"0";"0";"0";"0";"0";"0";"0";"0";"0"
"Osdorpplein e.o.";"0";"0";"0";"0";"0";"0";"0";"0";"0";"0";"0";"0"
"Calandlaan/Lelylaan";"0";"0";"0";"0";"0";"0";"0";"0";"0";"0";"0";"0"
"Osdorp-Zuidoost";"0";"0";"0";"0";"0";"0";"0";"0";"0";"0";"0";"0"
"Slotervaart-Noord";"0";"0";"0";"0";"0";"0";"0";"0";"0";"0";"0";"0"
"Oostoever Sloterplas";"0";"0";"0";"0";"0";"0";"0";"0";"0";"0";"0";"0"
"Emanuel van Meterenbuurt";"0";"0";"0";"0";"0";"0";"0";"0";"0";"0";"0";"0"
"Jacob Geelbuurt";"0";"0";"0";"0";"0";"0";"0";"0";"0";"0";"0";"0"
"Overtoomse Veld";"0";"0";"0";"0";"0";"0";"0";"0";"0";"0";"0";"0"
"Lucas/Andreasziekenhuis e.o.";"0";"0";"0";"0";"0";"0";"0";"0";"0";"0";"0";"0"
"Overtoomse Veld-Noord";"0";"0";"0";"0";"0";"0";"0";"0";"0";"0";"0";"0"
"Rembrandtpark-Noord";"0";"0";"0";"0";"0";"0";"0";"0";"0";"0";"0";"0"
"Overtoomse Veld-Zuid";"0";"0";"0";"0";"0";"0";"0";"0";"0";"0";"0";"0"
"Rembrandtpark-Zuid";"0";"0";"0";"0";"0";"0";"0";"0";"0";"0";"0";"0"
"Johan Jongkindbuurt";"0";"0";"0";"0";"0";"0";"0";"0";"0";"0";"0";"0"
"Slotervaart-Zuid";"0";"0";"0";"0";"0";"0";"0";"0";"0";"0";"0";"0"
"Louis Crispijnbuurt";"0";"0";"0";"0";"0";"0";"0";"0";"0";"0";"0";"0"
"Jacques Veldmanbuurt";"0";"0";"0";"0";"0";"0";"0";"0";"0";"0";"0";"0"
"Medisch Centrum Slotervaart";"0";"0";"0";"0";"0";"0";"0";"0";"0";"0";"0";"0"
"Staalmanbuurt";"0";"0";"0";"0";"0";"0";"0";"0";"0";"0";"0";"0"
"Westlandgracht";"0";"0";"0";"0";"0";"0";"0";"0";"0";"0";"0";"0"
"Schipluidenbuurt";"0";"0";"0";"0";"0";"0";"0";"0";"0";"0";"0";"0"
"Koningin Wilhelminaplein";"0";"0";"0";"0";"0";"0";"0";"0";"0";"0";"0";"0"
"Andreasterrein";"0";"0";"0";"0";"0";"0";"0";"0";"0";"0";"0";"0"
"Delflandpleinbuurt-West";"0";"0";"0";"0";"0";"0";"0";"0";"0";"0";"0";"0"
"Delflandpleinbuurt-Oost";"0";"0";"0";"0";"0";"0";"0";"0";"0";"0";"0";"0"
"Riekerhaven";"0";"0";"0";"0";"0";"0";"0";"0";"0";"0";"0";"0"
"Sloten/Nieuw-Sloten";"0";"0";"0";"0";"0";"0";"0";"0";"0";"0";"0";"0"
"Dorp Sloten";"0";"0";"0";"0";"0";"0";"0";"0";"0";"0";"0";"0"
"Nieuw-Sloten-Noordwest";"0";"0";"0";"0";"0";"0";"0";"0";"0";"0";"0";"0"
"Nieuw-Sloten-Noordoost";"0";"0";"0";"0";"0";"0";"0";"0";"0";"0";"0";"0"
"Nieuw-Sloten-Zuidwest";"0";"0";"0";"0";"0";"0";"0";"0";"0";"0";"0";"0"
"Belgiëplein e.o.";"0";"0";"0";"0";"0";"0";"0";"0";"0";"0";"0";"0"
"Nieuw-Sloten-Zuidoost";"0";"0";"0";"0";"0";"0";"0";"0";"0";"0";"0";"0"
"Sloterweg e.o.";"0";"0";"0";"0";"0";"0";"0";"0";"0";"0";"0";"0"
"Park Haagseweg";"0";"0";"0";"0";"0";"0";"0";"0";"0";"0";"0";"0"
"Riekerpolder";"0";"0";"0";"0";"0";"0";"0";"0";"0";"0";"0";"0"
"Nieuwe Meer";"0";"0";"0";"0";"0";"0";"0";"0";"0";"0";"0";"0"
"Hoofddorppleinbuurt";"0";"0";"0";"0";"0";"0";"0";"0";"0";"0";"0";"0"
"Westlandgrachtbuurt";"0";"0";"0";"0";"0";"0";"0";"0";"0";"0";"0";"0"
"Surinamepleinbuurt";"0";"0";"0";"0";"0";"0";"0";"0";"0";"0";"0";"0"
"Legmeerpleinbuurt";"0";"0";"0";"0";"0";"0";"0";"0";"0";"0";"0";"0"
"Aalsmeerwegbuurt-West";"0";"0";"0";"0";"0";"0";"0";"0";"0";"0";"0";"0"
"Aalsmeerwegbuurt-Oost";"0";"0";"0";"0";"0";"0";"0";"0";"0";"0";"0";"0"
"Bedrijventerrein Schinkel";"0";"0";"0";"0";"0";"0";"0";"0";"0";"0";"0";"0"
"Schinkelbuurt";"0";"0";"0";"0";"0";"0";"0";"0";"0";"0";"0";"0"
"Schinkelbuurt-Noord";"0";"0";"0";"0";"0";"0";"0";"0";"0";"0";"0";"0"
"Schinkelbuurt-Zuid";"0";"0";"0";"0";"0";"0";"0";"0";"0";"0";"0";"0"
"Willemspark";"0";"0";"0";"0";"0";"0";"0";"0";"0";"0";"0";"0"
"Vondelpark-West";"0";"0";"0";"0";"0";"0";"0";"0";"0";"0";"0";"0"
"Willemsparkbuurt-Noord";"0";"0";"0";"0";"0";"0";"0";"0";"0";"0";"0";"0"
"Valeriusbuurt-West";"0";"0";"0";"0";"0";"0";"0";"0";"0";"0";"0";"0"
"Valeriusbuurt-Oost";"0";"0";"0";"0";"0";"0";"0";"0";"0";"0";"0";"0"
"Museumkwartier";"0";"0";"0";"0";"0";"0";"0";"0";"0";"0";"0";"0"
"Vondelpark-Oost";"0";"0";"0";"0";"0";"0";"0";"0";"0";"0";"0";"0"
"Cornelis Schuytbuurt";"0";"0";"0";"0";"0";"0";"0";"0";"0";"0";"0";"0"
"Concertgebouwbuurt";"0";"0";"0";"0";"0";"0";"0";"0";"0";"0";"0";"0"
"P.C. Hooftbuurt";"0";"0";"0";"0";"0";"0";"0";"0";"0";"0";"0";"0"
"Museumplein";"0";"0";"0";"0";"0";"0";"0";"0";"0";"0";"0";"0"
"Banpleinbuurt";"0";"0";"0";"0";"0";"0";"0";"0";"0";"0";"0";"0"
"Hondecoeterbuurt";"0";"0";"0";"0";"0";"0";"0";"0";"0";"0";"0";"0"
"Johannes Vermeerbuurt";"0";"0";"0";"0";"0";"0";"0";"0";"0";"0";"0";"0"
"Duivelseiland";"0";"0";"0";"0";"0";"0";"0";"0";"0";"0";"0";"0"
"Harmoniehofbuurt";"0";"0";"0";"0";"0";"0";"0";"0";"0";"0";"0";"0"
"Oude Pijp";"0";"0";"0";"0";"0";"0";"0";"0";"0";"0";"0";"0"
"Frans Halsbuurt";"0";"0";"0";"0";"0";"0";"0";"0";"0";"0";"0";"0"
"Gerard Doubuurt";"0";"0";"0";"0";"0";"0";"0";"0";"0";"0";"0";"0"
"Hercules Seghersbuurt";"0";"0";"0";"0";"0";"0";"0";"0";"0";"0";"0";"0"
"Sarphatiparkbuurt";"0";"0";"0";"0";"0";"0";"0";"0";"0";"0";"0";"0"
"Hemonybuurt";"0";"0";"0";"0";"0";"0";"0";"0";"0";"0";"0";"0"
"Nieuwe Pijp";"0";"0";"0";"0";"0";"0";"0";"0";"0";"0";"0";"0"
"Cornelis Troostbuurt";"0";"0";"0";"0";"0";"0";"0";"0";"0";"0";"0";"0"
"Lizzy Ansinghbuurt";"0";"0";"0";"0";"0";"0";"0";"0";"0";"0";"0";"0"
"Van der Helstpleinbuurt";"0";"0";"0";"0";"0";"0";"0";"0";"0";"0";"0";"0"
"Willibrordusbuurt";"0";"0";"0";"0";"0";"0";"0";"0";"0";"0";"0";"0"
"Zuid Pijp";"0";"0";"0";"0";"0";"0";"0";"0";"0";"0";"0";"0"
"BurgemeesterTellegenbuurt-West";"0";"0";"0";"0";"0";"0";"0";"0";"0";"0";"0";"0"
"Burgemeester Tellegenbuurt-Oost";"0";"0";"0";"0";"0";"0";"0";"0";"0";"0";"0";"0"
"Diamantbuurt";"0";"0";"0";"0";"0";"0";"0";"0";"0";"0";"0";"0"
"Stadionbuurt";"0";"0";"0";"0";"0";"0";"0";"0";"0";"0";"0";"0"
"Bertelmanpleinbuurt";"0";"0";"0";"0";"0";"0";"0";"0";"0";"0";"0";"0"
"Olympisch Stadion e.o.";"0";"0";"0";"0";"0";"0";"0";"0";"0";"0";"0";"0"
"Marathonbuurt-West";"0";"0";"0";"0";"0";"0";"0";"0";"0";"0";"0";"0"
"Marathonbuurt-Oost";"0";"0";"0";"0";"0";"0";"0";"0";"0";"0";"0";"0"
"Van Tuyllbuurt";"0";"0";"0";"0";"0";"0";"0";"0";"0";"0";"0";"0"
"IJsbaanpad e.o.";"0";"0";"0";"0";"0";"0";"0";"0";"0";"0";"0";"0"
"Apollobuurt";"0";"0";"0";"0";"0";"0";"0";"0";"0";"0";"0";"0"
"Hiltonbuurt";"0";"0";"0";"0";"0";"0";"0";"0";"0";"0";"0";"0"
"Minervabuurt-Noord";"0";"0";"0";"0";"0";"0";"0";"0";"0";"0";"0";"0"
"Minervabuurt-Midden";"0";"0";"0";"0";"0";"0";"0";"0";"0";"0";"0";"0"
"Minervabuurt-Zuid";"0";"0";"0";"0";"0";"0";"0";"0";"0";"0";"0";"0"
"Beethovenbuurt";"0";"0";"0";"0";"0";"0";"0";"0";"0";"0";"0";"0"
"Diepenbrockbuurt";"0";"0";"0";"0";"0";"0";"0";"0";"0";"0";"0";"0"
"Scheldebuurt";"0";"0";"0";"0";"0";"0";"0";"0";"0";"0";"0";"0"
"Wielingenbuurt";"0";"0";"0";"0";"0";"0";"0";"0";"0";"0";"0";"0"
"Scheldebuurt-West";"0";"0";"0";"0";"0";"0";"0";"0";"0";"0";"0";"0"
"Scheldebuurt-Midden";"0";"0";"0";"0";"0";"0";"0";"0";"0";"0";"0";"0"
"Scheldebuurt-Oost";"0";"0";"0";"0";"0";"0";"0";"0";"0";"0";"0";"0"
"Veluwebuurt";"0";"0";"0";"0";"0";"0";"0";"0";"0";"0";"0";"0"
"Kop Zuidas";"0";"0";"0";"0";"0";"0";"0";"0";"0";"0";"0";"0"
"IJselbuurt";"0";"0";"0";"0";"0";"0";"0";"0";"0";"0";"0";"0"
"IJselbuurt-West";"0";"0";"0";"0";"0";"0";"0";"0";"0";"0";"0";"0"
"IJselbuurt-Oost";"0";"0";"0";"0";"0";"0";"0";"0";"0";"0";"0";"0"
"Rijnbuurt";"0";"0";"0";"0";"0";"0";"0";"0";"0";"0";"0";"0"
"Kromme Mijdrechtbuurt";"0";"0";"0";"0";"0";"0";"0";"0";"0";"0";"0";"0"
"Rijnbuurt-West";"0";"0";"0";"0";"0";"0";"0";"0";"0";"0";"0";"0"
"Rijnbuurt-Midden";"0";"0";"0";"0";"0";"0";"0";"0";"0";"0";"0";"0"
"Rijnbuurt-Oost";"0";"0";"0";"0";"0";"0";"0";"0";"0";"0";"0";"0"
"Zorgvlied";"0";"0";"0";"0";"0";"0";"0";"0";"0";"0";"0";"0"
"Prinses Irenebuurt e.o.";"0";"0";"0";"0";"0";"0";"0";"0";"0";"0";"0";"0"
"Prinses Irenebuurt";"0";"0";"0";"0";"0";"0";"0";"0";"0";"0";"0";"0"
"Beatrixpark";"0";"0";"0";"0";"0";"0";"0";"0";"0";"0";"0";"0"
"Zuidas";"0";"0";"0";"0";"0";"0";"0";"0";"0";"0";"0";"0"
"Zuidas-Noord";"0";"0";"0";"0";"0";"0";"0";"0";"0";"0";"0";"0"
"RAI";"0";"0";"0";"0";"0";"0";"0";"0";"0";"0";"0";"0"
"VU-kwartier";"0";"0";"0";"0";"0";"0";"0";"0";"0";"0";"0";"0"
"Zuidas-Zuid";"0";"0";"0";"0";"0";"0";"0";"0";"0";"0";"0";"0"
"Vivaldi";"0";"0";"0";"0";"0";"0";"0";"0";"0";"0";"0";"0"
"Buitenveldert-West";"0";"0";"0";"0";"0";"0";"0";"0";"0";"0";"0";"0"
"Amsterdamse Bos";"0";"0";"0";"0";"0";"0";"0";"0";"0";"0";"0";"0"
"Zuiderhof";"0";"0";"0";"0";"0";"0";"0";"0";"0";"0";"0";"0"
"Buitenveldert-West-Midden";"0";"0";"0";"0";"0";"0";"0";"0";"0";"0";"0";"0"
"Gelderlandpleinbuurt";"0";"0";"0";"0";"0";"0";"0";"0";"0";"0";"0";"0"
"Buitenveldert-Zuidwest";"0";"0";"0";"0";"0";"0";"0";"0";"0";"0";"0";"0"
"Buitenveldert-Zuid-Midden";"0";"0";"0";"0";"0";"0";"0";"0";"0";"0";"0";"0"
"Buitenveldert-Oost";"0";"0";"0";"0";"0";"0";"0";"0";"0";"0";"0";"0"
"De Klenckebuurt";"0";"0";"0";"0";"0";"0";"0";"0";"0";"0";"0";"0"
"Buitenveldert-Oost-Midden";"0";"0";"0";"0";"0";"0";"0";"0";"0";"0";"0";"0"
"Buitenveldert-Zuidoost";"0";"0";"0";"0";"0";"0";"0";"0";"0";"0";"0";"0"
"Amstelpark";"0";"0";"0";"0";"0";"0";"0";"0";"0";"0";"0";"0"
"Oostelijk Havengebied";"0";"0";"0";"0";"0";"0";"0";"0";"0";"0";"0";"0"
"Java-eiland";"0";"0";"0";"0";"0";"0";"0";"0";"0";"0";"0";"0"
"KNSM-eiland";"0";"0";"0";"0";"0";"0";"0";"0";"0";"0";"0";"0"
"Oostelijke Handelskade";"0";"0";"0";"0";"0";"0";"0";"0";"0";"0";"0";"0"
"Rietlanden";"0";"0";"0";"0";"0";"0";"0";"0";"0";"0";"0";"0"
"Sporenburg";"0";"0";"0";"0";"0";"0";"0";"0";"0";"0";"0";"0"
"Borneo";"0";"0";"0";"0";"0";"0";"0";"0";"0";"0";"0";"0"
"Entrepot-Noordwest";"0";"0";"0";"0";"0";"0";"0";"0";"0";"0";"0";"0"
"Bedrijvengebied Veelaan";"0";"0";"0";"0";"0";"0";"0";"0";"0";"0";"0";"0"
"Architectenbuurt";"0";"0";"0";"0";"0";"0";"0";"0";"0";"0";"0";"0"
"Cruquiusbuurt";"0";"0";"0";"0";"0";"0";"0";"0";"0";"0";"0";"0"
"Bedrijvengebied Zeeburgerkade";"0";"0";"0";"0";"0";"0";"0";"0";"0";"0";"0";"0"
"Weesperzijde";"0";"0";"0";"0";"0";"0";"0";"0";"0";"0";"0";"0"
"Weesperzijde-Noord";"0";"0";"0";"0";"0";"0";"0";"0";"0";"0";"0";"0"
"Weesperzijde-Midden/Zuid";"0";"0";"0";"0";"0";"0";"0";"0";"0";"0";"0";"0"
"Parooldriehoek";"0";"0";"0";"0";"0";"0";"0";"0";"0";"0";"0";"0"
"Oosterparkbuurt";"0";"0";"0";"0";"0";"0";"0";"0";"0";"0";"0";"0"
"Oosterparkbuurt-Noordwest";"0";"0";"0";"0";"0";"0";"0";"0";"0";"0";"0";"0"
"Oosterpark";"0";"0";"0";"0";"0";"0";"0";"0";"0";"0";"0";"0"
"Oosterparkbuurt-Zuidwest";"0";"0";"0";"0";"0";"0";"0";"0";"0";"0";"0";"0"
"Oosterparkbuurt-Zuidoost";"0";"0";"0";"0";"0";"0";"0";"0";"0";"0";"0";"0"
"Transvaalbuurt";"0";"0";"0";"0";"0";"0";"0";"0";"0";"0";"0";"0"
"Transvaalbuurt-West";"0";"0";"0";"0";"0";"0";"0";"0";"0";"0";"0";"0"
"Transvaalbuurt-Oost";"0";"0";"0";"0";"0";"0";"0";"0";"0";"0";"0";"0"
"Dapperbuurt";"0";"0";"0";"0";"0";"0";"0";"0";"0";"0";"0";"0"
"Dapperbuurt-Noord";"0";"0";"0";"0";"0";"0";"0";"0";"0";"0";"0";"0"
"Dapperbuurt-Zuid";"0";"0";"0";"0";"0";"0";"0";"0";"0";"0";"0";"0"
"Oostpoort";"0";"0";"0";"0";"0";"0";"0";"0";"0";"0";"0";"0"
"Indische Buurt-West";"0";"0";"0";"0";"0";"0";"0";"0";"0";"0";"0";"0"
"Timorpleinbuurt-Noord";"0";"0";"0";"0";"0";"0";"0";"0";"0";"0";"0";"0"
"Timorpleinbuurt-Zuid";"0";"0";"0";"0";"0";"0";"0";"0";"0";"0";"0";"0"
"Ambonpleinbuurt";"0";"0";"0";"0";"0";"0";"0";"0";"0";"0";"0";"0"
"Indische Buurt-Oost";"0";"0";"0";"0";"0";"0";"0";"0";"0";"0";"0";"0"
"Makassarpleinbuurt";"0";"0";"0";"0";"0";"0";"0";"0";"0";"0";"0";"0"
"Zeeburgerdijk-Oost";"0";"0";"0";"0";"0";"0";"0";"0";"0";"0";"0";"0"
"Sumatraplantsoenbuurt";"0";"0";"0";"0";"0";"0";"0";"0";"0";"0";"0";"0"
"Flevopark";"0";"0";"0";"0";"0";"0";"0";"0";"0";"0";"0";"0"
"Zeeburgereiland/Bovendiep";"0";"0";"0";"0";"0";"0";"0";"0";"0";"0";"0";"0"
"Sluisbuurt";"0";"0";"0";"0";"0";"0";"0";"0";"0";"0";"0";"0"
"Sportheldenbuurt";"0";"0";"0";"0";"0";"0";"0";"0";"0";"0";"0";"0"
"Oostpunt Zeeburgereiland";"0";"0";"0";"0";"0";"0";"0";"0";"0";"0";"0";"0"
"Baaibuurt-West";"0";"0";"0";"0";"0";"0";"0";"0";"0";"0";"0";"0"
"Baaibuurt-Oost";"0";"0";"0";"0";"0";"0";"0";"0";"0";"0";"0";"0"
"Bovendiep/Diemerpark";"0";"0";"0";"0";"0";"0";"0";"0";"0";"0";"0";"0"
"IJburg-West";"0";"0";"0";"0";"0";"0";"0";"0";"0";"0";"0";"0"
"Steigereiland-Zuid";"0";"0";"0";"0";"0";"0";"0";"0";"0";"0";"0";"0"
"Steigereiland-Noord";"0";"0";"0";"0";"0";"0";"0";"0";"0";"0";"0";"0"
"Rieteilanden-West";"0";"0";"0";"0";"0";"0";"0";"0";"0";"0";"0";"0"
"Joris Ivenspleinbuurt";"0";"0";"0";"0";"0";"0";"0";"0";"0";"0";"0";"0"
"Ed Pelsterparkbuurt";"0";"0";"0";"0";"0";"0";"0";"0";"0";"0";"0";"0"
"IJburg-Oost";"0";"0";"0";"0";"0";"0";"0";"0";"0";"0";"0";"0"
"Buiteneiland";"0";"0";"0";"0";"0";"0";"0";"0";"0";"0";"0";"0"
"Pampusbuurt-West";"0";"0";"0";"0";"0";"0";"0";"0";"0";"0";"0";"0"
"Pampusbuurt-Oost";"0";"0";"0";"0";"0";"0";"0";"0";"0";"0";"0";"0"
"Centrumeiland";"0";"0";"0";"0";"0";"0";"0";"0";"0";"0";"0";"0"
"Muidenbuurt-West";"0";"0";"0";"0";"0";"0";"0";"0";"0";"0";"0";"0"
"IJburg-Zuid";"0";"0";"0";"0";"0";"0";"0";"0";"0";"0";"0";"0"
"Havenkwartier IJburg";"0";"0";"0";"0";"0";"0";"0";"0";"0";"0";"0";"0"
"Theo van Goghparkbuurt";"0";"0";"0";"0";"0";"0";"0";"0";"0";"0";"0";"0"
"Rieteiland-Oost";"0";"0";"0";"0";"0";"0";"0";"0";"0";"0";"0";"0"
"Frankendael";"0";"0";"0";"0";"0";"0";"0";"0";"0";"0";"0";"0"
"Van der Kunbuurt";"0";"0";"0";"0";"0";"0";"0";"0";"0";"0";"0";"0"
"De Eenhoorn";"0";"0";"0";"0";"0";"0";"0";"0";"0";"0";"0";"0"
"Don Bosco";"0";"0";"0";"0";"0";"0";"0";"0";"0";"0";"0";"0"
"Julianapark";"0";"0";"0";"0";"0";"0";"0";"0";"0";"0";"0";"0"
"Frankendael";"0";"0";"0";"0";"0";"0";"0";"0";"0";"0";"0";"0"
"Tuindorp Amstelstation";"0";"0";"0";"0";"0";"0";"0";"0";"0";"0";"0";"0"
"De Wetbuurt";"0";"0";"0";"0";"0";"0";"0";"0";"0";"0";"0";"0"
"Tuindorp Frankendael";"0";"0";"0";"0";"0";"0";"0";"0";"0";"0";"0";"0"
"Middenmeer";"0";"0";"0";"0";"0";"0";"0";"0";"0";"0";"0";"0"
"Linnaeusparkbuurt";"0";"0";"0";"0";"0";"0";"0";"0";"0";"0";"0";"0"
"Middenmeer-Noord";"0";"0";"0";"0";"0";"0";"0";"0";"0";"0";"0";"0"
"Middenmeer-Zuid";"0";"0";"0";"0";"0";"0";"0";"0";"0";"0";"0";"0"
"Science Park-Noord";"0";"0";"0";"0";"0";"0";"0";"0";"0";"0";"0";"0"
"Science Park-Zuid";"0";"0";"0";"0";"0";"0";"0";"0";"0";"0";"0";"0"
"Sportpark Middenmeer-Zuid";"0";"0";"0";"0";"0";"0";"0";"0";"0";"0";"0";"0"
"Sportpark Middenmeer-Noord";"0";"0";"0";"0";"0";"0";"0";"0";"0";"0";"0";"0"
"Park de Meer";"0";"0";"0";"0";"0";"0";"0";"0";"0";"0";"0";"0"
"Sportpark Voorland";"0";"0";"0";"0";"0";"0";"0";"0";"0";"0";"0";"0"
"Betondorp";"0";"0";"0";"0";"0";"0";"0";"0";"0";"0";"0";"0"
"Drieburg";"0";"0";"0";"0";"0";"0";"0";"0";"0";"0";"0";"0"
"Nieuwe Oosterbegraafplaats";"0";"0";"0";"0";"0";"0";"0";"0";"0";"0";"0";"0"
"Betondorp";"0";"0";"0";"0";"0";"0";"0";"0";"0";"0";"0";"0"
"Omval/Overamstel";"0";"0";"0";"0";"0";"0";"0";"0";"0";"0";"0";"0"
"De Omval";"0";"0";"0";"0";"0";"0";"0";"0";"0";"0";"0";"0"
"Overamstel";"0";"0";"0";"0";"0";"0";"0";"0";"0";"0";"0";"0"
"Amstelglorie";"0";"0";"0";"0";"0";"0";"0";"0";"0";"0";"0";"0"
"Amstelkwartier-West";"0";"0";"0";"0";"0";"0";"0";"0";"0";"0";"0";"0"
"Amstelkwartier-Noord";"0";"0";"0";"0";"0";"0";"0";"0";"0";"0";"0";"0"
"Amstelkwartier-Zuid";"0";"0";"0";"0";"0";"0";"0";"0";"0";"0";"0";"0"
"Weespertrekvaart";"0";"0";"0";"0";"0";"0";"0";"0";"0";"0";"0";"0"
"Oostzanerwerf";"0";"0";"0";"0";"0";"0";"0";"0";"0";"0";"0";"0"
"Noorder IJplas";"0";"0";"0";"0";"0";"0";"0";"0";"0";"0";"0";"0"
"Melkweg/Oostzanerwerf";"0";"0";"0";"0";"0";"0";"0";"0";"0";"0";"0";"0"
"Walvisbuurt";"0";"0";"0";"0";"0";"0";"0";"0";"0";"0";"0";"0"
"Twiske-West";"0";"0";"0";"0";"0";"0";"0";"0";"0";"0";"0";"0"
"Oostzanerdijk";"0";"0";"0";"0";"0";"0";"0";"0";"0";"0";"0";"0"
"Circus/Kermisbuurt";"0";"0";"0";"0";"0";"0";"0";"0";"0";"0";"0";"0"
"Molenwijk";"0";"0";"0";"0";"0";"0";"0";"0";"0";"0";"0";"0"
"Noordelijke IJ-oevers-West";"0";"0";"0";"0";"0";"0";"0";"0";"0";"0";"0";"0"
"Cornelis Douwesterrein-West";"0";"0";"0";"0";"0";"0";"0";"0";"0";"0";"0";"0"
"Cornelis Douwesterrein-Oost";"0";"0";"0";"0";"0";"0";"0";"0";"0";"0";"0";"0"
"NDSM terrein";"0";"0";"0";"0";"0";"0";"0";"0";"0";"0";"0";"0"
"Buiksloterham-Zuid";"0";"0";"0";"0";"0";"0";"0";"0";"0";"0";"0";"0"
"Buiksloterham-Noord";"0";"0";"0";"0";"0";"0";"0";"0";"0";"0";"0";"0"
"Klaprozenbuurt";"0";"0";"0";"0";"0";"0";"0";"0";"0";"0";"0";"0"
"Overhoeks";"0";"0";"0";"0";"0";"0";"0";"0";"0";"0";"0";"0"
"Tuindorp Oostzaan";"0";"0";"0";"0";"0";"0";"0";"0";"0";"0";"0";"0"
"Tuindorp Oostzaan-West";"0";"0";"0";"0";"0";"0";"0";"0";"0";"0";"0";"0"
"Tuindorp Oostzaan-Oost";"0";"0";"0";"0";"0";"0";"0";"0";"0";"0";"0";"0"
"Terrasdorp";"0";"0";"0";"0";"0";"0";"0";"0";"0";"0";"0";"0"
"De Bongerd";"0";"0";"0";"0";"0";"0";"0";"0";"0";"0";"0";"0"
"Kadoelen";"0";"0";"0";"0";"0";"0";"0";"0";"0";"0";"0";"0"
"Twiske-Oost";"0";"0";"0";"0";"0";"0";"0";"0";"0";"0";"0";"0"
"Kadoelen";"0";"0";"0";"0";"0";"0";"0";"0";"0";"0";"0";"0"
"Banne Buiksloot";"0";"0";"0";"0";"0";"0";"0";"0";"0";"0";"0";"0"
"Banne-Noordwest";"0";"0";"0";"0";"0";"0";"0";"0";"0";"0";"0";"0"
"Banne-Noordoost";"0";"0";"0";"0";"0";"0";"0";"0";"0";"0";"0";"0"
"Banne-Zuidwest";"0";"0";"0";"0";"0";"0";"0";"0";"0";"0";"0";"0"
"Banne-Zuidoost";"0";"0";"0";"0";"0";"0";"0";"0";"0";"0";"0";"0"
"Buiksloterbreek";"0";"0";"0";"0";"0";"0";"0";"0";"0";"0";"0";"0"
"Marjoleinterrein";"0";"0";"0";"0";"0";"0";"0";"0";"0";"0";"0";"0"
"Nieuwendammerdijk/Buiksloterdijk";"0";"0";"0";"0";"0";"0";"0";"0";"0";"0";"0";"0"
"Buiksloterdijk-West";"0";"0";"0";"0";"0";"0";"0";"0";"0";"0";"0";"0"
"Buiksloterdijk-Oost";"0";"0";"0";"0";"0";"0";"0";"0";"0";"0";"0";"0"
"Nieuwendammerdijk-West";"0";"0";"0";"0";"0";"0";"0";"0";"0";"0";"0";"0"
"Nieuwendammerdijk-Oost";"0";"0";"0";"0";"0";"0";"0";"0";"0";"0";"0";"0"
"Nieuwendammerdijk-Zuid";"0";"0";"0";"0";"0";"0";"0";"0";"0";"0";"0";"0"
"Elzenhagen";"0";"0";"0";"0";"0";"0";"0";"0";"0";"0";"0";"0"
"Elzenhagen-Noord";"0";"0";"0";"0";"0";"0";"0";"0";"0";"0";"0";"0"
"Elzenhagen-Zuid";"0";"0";"0";"0";"0";"0";"0";"0";"0";"0";"0";"0"
"Nintemanterrein";"0";"0";"0";"0";"0";"0";"0";"0";"0";"0";"0";"0"
"Buikslotermeer";"0";"0";"0";"0";"0";"0";"0";"0";"0";"0";"0";"0"
"Buikslotermeer-Noord";"0";"0";"0";"0";"0";"0";"0";"0";"0";"0";"0";"0"
"De Kleine Wereld";"0";"0";"0";"0";"0";"0";"0";"0";"0";"0";"0";"0"
"Loenermark";"0";"0";"0";"0";"0";"0";"0";"0";"0";"0";"0";"0"
"Buikslotermeerplein";"0";"0";"0";"0";"0";"0";"0";"0";"0";"0";"0";"0"
"Plan van Gool";"0";"0";"0";"0";"0";"0";"0";"0";"0";"0";"0";"0"
"Rode Kruisbuurt";"0";"0";"0";"0";"0";"0";"0";"0";"0";"0";"0";"0"
"Waterlandpleinbuurt";"0";"0";"0";"0";"0";"0";"0";"0";"0";"0";"0";"0"
"Markengouw-Noord";"0";"0";"0";"0";"0";"0";"0";"0";"0";"0";"0";"0"
"Markengouw-Midden";"0";"0";"0";"0";"0";"0";"0";"0";"0";"0";"0";"0"
"Markengouw-Zuid";"0";"0";"0";"0";"0";"0";"0";"0";"0";"0";"0";"0"
"Werengouw-Noord";"0";"0";"0";"0";"0";"0";"0";"0";"0";"0";"0";"0"
"Werengouw-Midden";"0";"0";"0";"0";"0";"0";"0";"0";"0";"0";"0";"0"
"Werengouw-Zuid";"0";"0";"0";"0";"0";"0";"0";"0";"0";"0";"0";"0"
"Volewijck";"0";"0";"0";"0";"0";"0";"0";"0";"0";"0";"0";"0"
"Bloemenbuurt-Noord";"0";"0";"0";"0";"0";"0";"0";"0";"0";"0";"0";"0"
"Bloemenbuurt-Zuid";"0";"0";"0";"0";"0";"0";"0";"0";"0";"0";"0";"0"
"Van der Pekbuurt";"0";"0";"0";"0";"0";"0";"0";"0";"0";"0";"0";"0"
"IJplein/Vogelbuurt";"0";"0";"0";"0";"0";"0";"0";"0";"0";"0";"0";"0"
"Vogelbuurt-Noord";"0";"0";"0";"0";"0";"0";"0";"0";"0";"0";"0";"0"
"Vliegenbos";"0";"0";"0";"0";"0";"0";"0";"0";"0";"0";"0";"0"
"Vogelbuurt-Zuid";"0";"0";"0";"0";"0";"0";"0";"0";"0";"0";"0";"0"
"IJplein e.o.";"0";"0";"0";"0";"0";"0";"0";"0";"0";"0";"0";"0"
"Tuindorp Buiksloot";"0";"0";"0";"0";"0";"0";"0";"0";"0";"0";"0";"0"
"Blauwe Zand";"0";"0";"0";"0";"0";"0";"0";"0";"0";"0";"0";"0"
"Tuindorp Nieuwendam";"0";"0";"0";"0";"0";"0";"0";"0";"0";"0";"0";"0"
"Tuindorp Nieuwendam-West";"0";"0";"0";"0";"0";"0";"0";"0";"0";"0";"0";"0"
"Tuindorp Nieuwendam-Oost";"0";"0";"0";"0";"0";"0";"0";"0";"0";"0";"0";"0"
"Noordelijke IJ-oevers-Oost";"0";"0";"0";"0";"0";"0";"0";"0";"0";"0";"0";"0"
"Hamerstraatkwartier-West";"0";"0";"0";"0";"0";"0";"0";"0";"0";"0";"0";"0"
"Hamerstraatkwartier-Oost";"0";"0";"0";"0";"0";"0";"0";"0";"0";"0";"0";"0"
"Bedrijventerrein Nieuwendammerdijk";"0";"0";"0";"0";"0";"0";"0";"0";"0";"0";"0";"0"
"Waterland";"0";"0";"0";"0";"0";"0";"0";"0";"0";"0";"0";"0"
"Noorderstrook-West";"0";"0";"0";"0";"0";"0";"0";"0";"0";"0";"0";"0"
"Noorderstrook-Oost";"0";"0";"0";"0";"0";"0";"0";"0";"0";"0";"0";"0"
"Zunderdorp";"0";"0";"0";"0";"0";"0";"0";"0";"0";"0";"0";"0"
"Schellingwoude-West";"0";"0";"0";"0";"0";"0";"0";"0";"0";"0";"0";"0"
"Schellingwoude-Oost";"0";"0";"0";"0";"0";"0";"0";"0";"0";"0";"0";"0"
"Schellingwoude-Noord";"0";"0";"0";"0";"0";"0";"0";"0";"0";"0";"0";"0"
"Zwarte Gouw";"0";"0";"0";"0";"0";"0";"0";"0";"0";"0";"0";"0"
"Holysloot";"0";"0";"0";"0";"0";"0";"0";"0";"0";"0";"0";"0"
"Ransdorp";"0";"0";"0";"0";"0";"0";"0";"0";"0";"0";"0";"0"
"Durgerdam";"0";"0";"0";"0";"0";"0";"0";"0";"0";"0";"0";"0"
"Driemond";"0";"0";"0";"0";"0";"0";"0";"0";"0";"0";"0";"0"
"Landelijk gebied Driemond";"0";"0";"0";"0";"0";"0";"0";"0";"0";"0";"0";"0"
"Dorp Driemond";"0";"0";"0";"0";"0";"0";"0";"0";"0";"0";"0";"0"
"Bloemendalerpolder";"0";"0";"0";"0";"0";"0";"0";"0";"0";"0";"0";"0"
"Weespersluis-Noord";"0";"0";"0";"0";"0";"0";"0";"0";"0";"0";"0";"0"
"Waterrijk";"0";"0";"0";"0";"0";"0";"0";"0";"0";"0";"0";"0"
"Lanenrijk";"0";"0";"0";"0";"0";"0";"0";"0";"0";"0";"0";"0"
"Vechtrijk";"0";"0";"0";"0";"0";"0";"0";"0";"0";"0";"0";"0"
"Leeuwenveld";"0";"0";"0";"0";"0";"0";"0";"0";"0";"0";"0";"0"
"Bedrijventerrein Nijverheidslaan";"0";"0";"0";"0";"0";"0";"0";"0";"0";"0";"0";"0"
"Weesp-Noordwest";"0";"0";"0";"0";"0";"0";"0";"0";"0";"0";"0";"0"
"Bedrijventerrein-Noord Weesp";"0";"0";"0";"0";"0";"0";"0";"0";"0";"0";"0";"0"
"Hogewey-Noord";"0";"0";"0";"0";"0";"0";"0";"0";"0";"0";"0";"0"
"Hogewey-Midden";"0";"0";"0";"0";"0";"0";"0";"0";"0";"0";"0";"0"
"Hogewey-Zuid";"0";"0";"0";"0";"0";"0";"0";"0";"0";"0";"0";"0"
"Weesp Dichtersbuurt";"0";"0";"0";"0";"0";"0";"0";"0";"0";"0";"0";"0"
"Weesp Schildersbuurt";"0";"0";"0";"0";"0";"0";"0";"0";"0";"0";"0";"0"
"Weesp Binnenstad/Zuid";"0";"0";"0";"0";"0";"0";"0";"0";"0";"0";"0";"0"
"Herensingelkwartier";"0";"0";"0";"0";"0";"0";"0";"0";"0";"0";"0";"0"
"Bedrijventerrein Van Houten";"0";"0";"0";"0";"0";"0";"0";"0";"0";"0";"0";"0"
"Weesp Centrum";"0";"0";"0";"0";"0";"0";"0";"0";"0";"0";"0";"0"
"Weesp-Zuid I";"0";"0";"0";"0";"0";"0";"0";"0";"0";"0";"0";"0"
"Weesp-Zuid II";"0";"0";"0";"0";"0";"0";"0";"0";"0";"0";"0";"0"
"De Klomp";"0";"0";"0";"0";"0";"0";"0";"0";"0";"0";"0";"0"
"Aetsveld/Oostelijke Vechtoever";"0";"0";"0";"0";"0";"0";"0";"0";"0";"0";"0";"0"
"Aetsveldsepolder";"0";"0";"0";"0";"0";"0";"0";"0";"0";"0";"0";"0"
"Aetsveld-Zuid";"0";"0";"0";"0";"0";"0";"0";"0";"0";"0";"0";"0"
"Aetsveld-Noord";"0";"0";"0";"0";"0";"0";"0";"0";"0";"0";"0";"0"
"Oostelijke Vechtoever";"0";"0";"0";"0";"0";"0";"0";"0";"0";"0";"0";"0"
"Amstel III/Bullewijk";"0";"0";"0";"0";"0";"0";"0";"0";"0";"0";"0";"0"
"Hoofdcentrum-Zuidoost";"0";"0";"0";"0";"0";"0";"0";"0";"0";"0";"0";"0"
"Amstel III deel C/D-Noord";"0";"0";"0";"0";"0";"0";"0";"0";"0";"0";"0";"0"
"Amstel III deel A/B-Noord";"0";"0";"0";"0";"0";"0";"0";"0";"0";"0";"0";"0"
"Amstel III deel C/D-Zuid";"0";"0";"0";"0";"0";"0";"0";"0";"0";"0";"0";"0"
"Amstel III deel A/B-Zuid";"0";"0";"0";"0";"0";"0";"0";"0";"0";"0";"0";"0"
"AMC";"0";"0";"0";"0";"0";"0";"0";"0";"0";"0";"0";"0"
"Hoge Dijk";"0";"0";"0";"0";"0";"0";"0";"0";"0";"0";"0";"0"
"Venserpolder";"0";"0";"0";"0";"0";"0";"0";"0";"0";"0";"0";"0"
"Venserpolder-West";"0";"0";"0";"0";"0";"0";"0";"0";"0";"0";"0";"0"
"Venserpolder-Oost";"0";"0";"0";"0";"0";"0";"0";"0";"0";"0";"0";"0"
"Amsterdamse Poort e.o.";"0";"0";"0";"0";"0";"0";"0";"0";"0";"0";"0";"0"
"D-buurt";"0";"0";"0";"0";"0";"0";"0";"0";"0";"0";"0";"0"
"F-buurt";"0";"0";"0";"0";"0";"0";"0";"0";"0";"0";"0";"0"
"Amsterdamse Poort";"0";"0";"0";"0";"0";"0";"0";"0";"0";"0";"0";"0"
"Vogeltjeswei";"0";"0";"0";"0";"0";"0";"0";"0";"0";"0";"0";"0"
"Nelson Mandelapark";"0";"0";"0";"0";"0";"0";"0";"0";"0";"0";"0";"0"
"H-buurt";"0";"0";"0";"0";"0";"0";"0";"0";"0";"0";"0";"0"
"Hoptille";"0";"0";"0";"0";"0";"0";"0";"0";"0";"0";"0";"0"
"Rechte H-buurt";"0";"0";"0";"0";"0";"0";"0";"0";"0";"0";"0";"0"
"Hakfort/Huigenbos";"0";"0";"0";"0";"0";"0";"0";"0";"0";"0";"0";"0"
"Huntum";"0";"0";"0";"0";"0";"0";"0";"0";"0";"0";"0";"0"
"Ganzenhoef e.o.";"0";"0";"0";"0";"0";"0";"0";"0";"0";"0";"0";"0"
"E-buurt";"0";"0";"0";"0";"0";"0";"0";"0";"0";"0";"0";"0"
"G-buurt-West";"0";"0";"0";"0";"0";"0";"0";"0";"0";"0";"0";"0"
"G-buurt-Noord";"0";"0";"0";"0";"0";"0";"0";"0";"0";"0";"0";"0"
"Geerdinkhof/Kantershof";"0";"0";"0";"0";"0";"0";"0";"0";"0";"0";"0";"0"
"G-buurt-Oost";"0";"0";"0";"0";"0";"0";"0";"0";"0";"0";"0";"0"
"Grunder/Koningshoef";"0";"0";"0";"0";"0";"0";"0";"0";"0";"0";"0";"0"
"Kantershof";"0";"0";"0";"0";"0";"0";"0";"0";"0";"0";"0";"0"
"Bijlmermuseum";"0";"0";"0";"0";"0";"0";"0";"0";"0";"0";"0";"0"
"Bijlmermuseum-Noord";"0";"0";"0";"0";"0";"0";"0";"0";"0";"0";"0";"0"
"Bijlmermuseum-Zuid";"0";"0";"0";"0";"0";"0";"0";"0";"0";"0";"0";"0"
"De Kameleon e.o.";"0";"0";"0";"0";"0";"0";"0";"0";"0";"0";"0";"0"
"K-buurt";"0";"0";"0";"0";"0";"0";"0";"0";"0";"0";"0";"0"
"Gooise Kant";"0";"0";"0";"0";"0";"0";"0";"0";"0";"0";"0";"0"
"Kortvoort";"0";"0";"0";"0";"0";"0";"0";"0";"0";"0";"0";"0"
"Kelbergen";"0";"0";"0";"0";"0";"0";"0";"0";"0";"0";"0";"0"
"K-buurt-Zuidwest";"0";"0";"0";"0";"0";"0";"0";"0";"0";"0";"0";"0"
"K-buurt-Zuidoost";"0";"0";"0";"0";"0";"0";"0";"0";"0";"0";"0";"0"
"Holendrecht";"0";"0";"0";"0";"0";"0";"0";"0";"0";"0";"0";"0"
"Holendrecht-West";"0";"0";"0";"0";"0";"0";"0";"0";"0";"0";"0";"0"
"Holendrecht-Oost";"0";"0";"0";"0";"0";"0";"0";"0";"0";"0";"0";"0"
"Holendrecht-Zuid";"0";"0";"0";"0";"0";"0";"0";"0";"0";"0";"0";"0"
"Nellestein";"0";"0";"0";"0";"0";"0";"0";"0";"0";"0";"0";"0"
"L-buurt";"0";"0";"0";"0";"0";"0";"0";"0";"0";"0";"0";"0"
"Gaasperpark";"0";"0";"0";"0";"0";"0";"0";"0";"0";"0";"0";"0"
"Gaasperplas";"0";"0";"0";"0";"0";"0";"0";"0";"0";"0";"0";"0"
"Reigersbos";"0";"0";"0";"0";"0";"0";"0";"0";"0";"0";"0";"0"
"Reigersbos 1";"0";"0";"0";"0";"0";"0";"0";"0";"0";"0";"0";"0"
"Reigersbos 2";"0";"0";"0";"0";"0";"0";"0";"0";"0";"0";"0";"0"
"Reigersbos 3";"0";"0";"0";"0";"0";"0";"0";"0";"0";"0";"0";"0"
"Reigersbos 4";"0";"0";"0";"0";"0";"0";"0";"0";"0";"0";"0";"0"
"Gein";"0";"0";"0";"0";"0";"0";"0";"0";"0";"0";"0";"0"
"Gein 1";"0";"0";"0";"0";"0";"0";"0";"0";"0";"0";"0";"0"
"Gein 2";"0";"0";"0";"0";"0";"0";"0";"0";"0";"0";"0";"0"
"Gein 3";"0";"0";"0";"0";"0";"0";"0";"0";"0";"0";"0";"0"
"Gein 4";"0";"0";"0";"0";"0";"0";"0";"0";"0";"0";"0";"0"
"Bron: Politie"
